image,split,method,resolved_method,gt_x,gt_y,pred_x,pred_y,center_error_px
STAR 01_OSC.jpg,train,trained_model,TRAINED_MODEL,158.08549874266555,418.1720121762915,163.20835876464844,440.8837585449219,23.282334889736156
STAR 01_OSC.jpg,train,cv_heuristic,CV_BRIGHTEST_REGION,158.08549874266555,418.1720121762915,486.0,549.5,353.23499334107674
STAR 01_OSC.jpg,train,image_center,IMAGE_CENTER,158.08549874266555,418.1720121762915,512.0,512.0,366.1409093494932
STAR 01_OSC.jpg,train,hybrid,TRAINED_MODEL,158.08549874266555,418.1720121762915,163.20835876464844,440.8837585449219,23.282334889736156
STAR 02_ODC.jpg,train,trained_model,TRAINED_MODEL,868.0854987426655,439.1720121762915,865.5623779296875,437.2572937011719,3.1673783284993675
STAR 02_ODC.jpg,train,cv_heuristic,CV_BRIGHTEST_REGION,868.0854987426655,439.1720121762915,715.4288330078125,309.80072021484375,200.10244570483593
STAR 02_ODC.jpg,train,image_center,IMAGE_CENTER,868.0854987426655,439.1720121762915,512.0,512.0,363.45673501155966
STAR 02_ODC.jpg,train,hybrid,TRAINED_MODEL,868.0854987426655,439.1720121762915,865.5623779296875,437.2572937011719,3.1673783284993675
STAR 03_OSN.jpg,train,trained_model,TRAINED_MODEL,538.0854987426655,414.1720121762915,543.0,418.0,6.229431224983739
STAR 03_OSN.jpg,train,cv_heuristic,CV_BRIGHTEST_REGION,538.0854987426655,414.1720121762915,721.0,278.5,227.73802857270718
STAR 03_OSN.jpg,train,image_center,IMAGE_CENTER,538.0854987426655,414.1720121762915,512.0,512.0,101.24607867117257
STAR 03_OSN.jpg,train,hybrid,TRAINED_MODEL,538.0854987426655,414.1720121762915,543.0,418.0,6.229431224983739
STAR 05_ODC.jpg,train,trained_model,TRAINED_MODEL,866.0854987426655,401.1720121762915,851.5532836914062,400.626220703125,14.542460679961579
STAR 05_ODC.jpg,train,cv_heuristic,CV_BRIGHTEST_REGION,866.0854987426655,401.1720121762915,645.0,205.5,295.2394521459013
STAR 05_ODC.jpg,train,image_center,IMAGE_CENTER,866.0854987426655,401.1720121762915,512.0,512.0,371.02477451633104
STAR 05_ODC.jpg,train,hybrid,TRAINED_MODEL,866.0854987426655,401.1720121762915,851.5532836914062,400.626220703125,14.542460679961579
STAR 06_ODN.jpg,train,trained_model,TRAINED_MODEL,524.0854987426655,466.1720121762915,514.888916015625,474.77777099609375,12.595087086634406
STAR 06_ODN.jpg,train,cv_heuristic,CV_BRIGHTEST_REGION,524.0854987426655,466.1720121762915,535.0,805.0,339.0037340065143
STAR 06_ODN.jpg,train,image_center,IMAGE_CENTER,524.0854987426655,466.1720121762915,512.0,512.0,47.394764983370735
STAR 06_ODN.jpg,train,hybrid,TRAINED_MODEL,524.0854987426655,466.1720121762915,514.888916015625,474.77777099609375,12.595087086634406
STAR 08_OSN.jpg,train,trained_model,TRAINED_MODEL,552.0854987426655,459.1720121762915,563.615478515625,456.31988525390625,11.877502327772824
STAR 08_OSN.jpg,train,cv_heuristic,CV_BRIGHTEST_REGION,552.0854987426655,459.1720121762915,485.0,659.0,210.78825598031872
STAR 08_OSN.jpg,train,image_center,IMAGE_CENTER,552.0854987426655,459.1720121762915,512.0,512.0,66.31473069349022
STAR 08_OSN.jpg,train,hybrid,TRAINED_MODEL,552.0854987426655,459.1720121762915,563.615478515625,456.31988525390625,11.877502327772824
STAR 09_OSN.jpg,train,trained_model,TRAINED_MODEL,491.08549874266555,421.1720121762915,503.3038024902344,433.26580810546875,17.191475982138314
STAR 09_OSN.jpg,train,cv_heuristic,CV_BRIGHTEST_REGION,491.08549874266555,421.1720121762915,564.5873413085938,703.3855590820312,291.6281997984843
STAR 09_OSN.jpg,train,image_center,IMAGE_CENTER,491.08549874266555,421.1720121762915,512.0,512.0,93.20482677923276
STAR 09_OSN.jpg,train,hybrid,TRAINED_MODEL,491.08549874266555,421.1720121762915,503.3038024902344,433.26580810546875,17.191475982138314
STAR 10_OSN.jpg,train,trained_model,TRAINED_MODEL,510.08549874266555,444.1720121762915,513.0,446.0,3.4403280457872936
STAR 10_OSN.jpg,train,cv_heuristic,CV_BRIGHTEST_REGION,510.08549874266555,444.1720121762915,683.017333984375,439.4855651855469,172.99532486591306
STAR 10_OSN.jpg,train,image_center,IMAGE_CENTER,510.08549874266555,444.1720121762915,512.0,512.0,67.85500163788579
STAR 10_OSN.jpg,train,hybrid,TRAINED_MODEL,510.08549874266555,444.1720121762915,513.0,446.0,3.4403280457872936
STAR 13_OSN.jpg,train,trained_model,TRAINED_MODEL,536.0854987426655,444.1720121762915,539.0,447.0,4.0610137539840485
STAR 13_OSN.jpg,train,cv_heuristic,CV_BRIGHTEST_REGION,536.0854987426655,444.1720121762915,548.248046875,670.6585693359375,226.81289238290876
STAR 13_OSN.jpg,train,image_center,IMAGE_CENTER,536.0854987426655,444.1720121762915,512.0,512.0,71.97740744078028
STAR 13_OSN.jpg,train,hybrid,TRAINED_MODEL,536.0854987426655,444.1720121762915,539.0,447.0,4.0610137539840485
STAR 15_OSN.jpg,train,trained_model,TRAINED_MODEL,508.08549874266555,409.1720121762915,503.0494384765625,408.65399169921875,5.062632538362685
STAR 15_OSN.jpg,train,cv_heuristic,CV_BRIGHTEST_REGION,508.08549874266555,409.1720121762915,406.0,726.5,333.3444178470407
STAR 15_OSN.jpg,train,image_center,IMAGE_CENTER,508.08549874266555,409.1720121762915,512.0,512.0,102.9024703297565
STAR 15_OSN.jpg,train,hybrid,TRAINED_MODEL,508.08549874266555,409.1720121762915,503.0494384765625,408.65399169921875,5.062632538362685
STAR 16_OSN.jpg,train,trained_model,TRAINED_MODEL,484.08549874266555,475.1720121762915,484.3636474609375,480.0,4.83599350034239
STAR 16_OSN.jpg,train,cv_heuristic,CV_BRIGHTEST_REGION,484.08549874266555,475.1720121762915,471.63397216796875,253.57272338867188,221.9488348814186
STAR 16_OSN.jpg,train,image_center,IMAGE_CENTER,484.08549874266555,475.1720121762915,512.0,512.0,46.21168756482442
STAR 16_OSN.jpg,train,hybrid,TRAINED_MODEL,484.08549874266555,475.1720121762915,484.3636474609375,480.0,4.83599350034239
STAR 17_ODN.jpg,train,trained_model,TRAINED_MODEL,540.0854987426655,381.1720121762915,528.8235473632812,390.73529052734375,14.774567394388255
STAR 17_ODN.jpg,train,cv_heuristic,CV_BRIGHTEST_REGION,540.0854987426655,381.1720121762915,473.8090515136719,530.001708984375,162.91975358833454
STAR 17_ODN.jpg,train,image_center,IMAGE_CENTER,540.0854987426655,381.1720121762915,512.0,512.0,133.80866054790582
STAR 17_ODN.jpg,train,hybrid,TRAINED_MODEL,540.0854987426655,381.1720121762915,528.8235473632812,390.73529052734375,14.774567394388255
STAR 20_ODC.jpg,train,trained_model,TRAINED_MODEL,883.0854987426655,433.1720121762915,880.6204223632812,438.5109558105469,5.880554453957073
STAR 20_ODC.jpg,train,cv_heuristic,CV_BRIGHTEST_REGION,883.0854987426655,433.1720121762915,755.407958984375,342.50018310546875,156.5980036455713
STAR 20_ODC.jpg,train,image_center,IMAGE_CENTER,883.0854987426655,433.1720121762915,512.0,512.0,379.36565348147633
STAR 20_ODC.jpg,train,hybrid,TRAINED_MODEL,883.0854987426655,433.1720121762915,880.6204223632812,438.5109558105469,5.880554453957073
STAR 21_OSC.jpg,train,trained_model,TRAINED_MODEL,163.08549874266555,408.1720121762915,166.3360595703125,417.7868957519531,10.149489241718543
STAR 21_OSC.jpg,train,cv_heuristic,CV_BRIGHTEST_REGION,163.08549874266555,408.1720121762915,371.0,358.5,213.76563949037222
STAR 21_OSC.jpg,train,image_center,IMAGE_CENTER,163.08549874266555,408.1720121762915,512.0,512.0,364.0351360008737
STAR 21_OSC.jpg,train,hybrid,TRAINED_MODEL,163.08549874266555,408.1720121762915,166.3360595703125,417.7868957519531,10.149489241718543
STAR 24_OSC.jpg,train,trained_model,NO_DETECTION,160.08549874266555,437.1720121762915,,,
STAR 24_OSC.jpg,train,cv_heuristic,CV_BRIGHTEST_REGION,160.08549874266555,437.1720121762915,703.0849609375,707.5393676757812,606.5862864124665
STAR 24_OSC.jpg,train,image_center,IMAGE_CENTER,160.08549874266555,437.1720121762915,512.0,512.0,359.78193945353
STAR 24_OSC.jpg,train,hybrid,CV_BRIGHTEST_REGION,160.08549874266555,437.1720121762915,703.0849609375,707.5393676757812,606.5862864124665
STAR 26_ODC.jpg,train,trained_model,TRAINED_MODEL,878.0854987426655,451.1720121762915,862.8486328125,448.07171630859375,15.549080932360711
STAR 26_ODC.jpg,train,cv_heuristic,CV_BRIGHTEST_REGION,878.0854987426655,451.1720121762915,497.5566711425781,537.591552734375,390.2185613537205
STAR 26_ODC.jpg,train,image_center,IMAGE_CENTER,878.0854987426655,451.1720121762915,512.0,512.0,371.10461664111295
STAR 26_ODC.jpg,train,hybrid,TRAINED_MODEL,878.0854987426655,451.1720121762915,862.8486328125,448.07171630859375,15.549080932360711
STAR 28_ODN.jpg,train,trained_model,TRAINED_MODEL,554.0854987426655,453.1720121762915,555.3781127929688,467.7396545410156,14.624877953321397
STAR 28_ODN.jpg,train,cv_heuristic,CV_BRIGHTEST_REGION,554.0854987426655,453.1720121762915,471.0,633.5,198.54818884559245
STAR 28_ODN.jpg,train,image_center,IMAGE_CENTER,554.0854987426655,453.1720121762915,512.0,512.0,72.33202164881953
STAR 28_ODN.jpg,train,hybrid,TRAINED_MODEL,554.0854987426655,453.1720121762915,555.3781127929688,467.7396545410156,14.624877953321397
STAR 30_ODC.jpg,train,trained_model,TRAINED_MODEL,839.0854987426655,459.1720121762915,840.9651489257812,457.81195068359375,2.3200974278693827
STAR 30_ODC.jpg,train,cv_heuristic,CV_BRIGHTEST_REGION,839.0854987426655,459.1720121762915,497.0,494.0,343.85386021661384
STAR 30_ODC.jpg,train,image_center,IMAGE_CENTER,839.0854987426655,459.1720121762915,512.0,512.0,331.3241913673678
STAR 30_ODC.jpg,train,hybrid,TRAINED_MODEL,839.0854987426655,459.1720121762915,840.9651489257812,457.81195068359375,2.3200974278693827
STAR 31_ODN.jpg,train,trained_model,TRAINED_MODEL,496.08549874266555,454.1720121762915,490.7576599121094,456.9870910644531,6.025822412829261
STAR 31_ODN.jpg,train,cv_heuristic,CV_BRIGHTEST_REGION,496.08549874266555,454.1720121762915,516.45703125,595.1570434570312,142.44921334261045
STAR 31_ODN.jpg,train,image_center,IMAGE_CENTER,496.08549874266555,454.1720121762915,512.0,512.0,59.97789197703332
STAR 31_ODN.jpg,train,hybrid,TRAINED_MODEL,496.08549874266555,454.1720121762915,490.7576599121094,456.9870910644531,6.025822412829261
STAR 32_ODC.jpg,train,trained_model,TRAINED_MODEL,869.0854987426655,473.1720121762915,859.0,473.0,10.086965503911516
STAR 32_ODC.jpg,train,cv_heuristic,CV_BRIGHTEST_REGION,869.0854987426655,473.1720121762915,841.5,626.0,155.29762909692212
STAR 32_ODC.jpg,train,image_center,IMAGE_CENTER,869.0854987426655,473.1720121762915,512.0,512.0,359.1902922557015
STAR 32_ODC.jpg,train,hybrid,TRAINED_MODEL,869.0854987426655,473.1720121762915,859.0,473.0,10.086965503911516
STAR 34_ODC.jpg,train,trained_model,TRAINED_MODEL,898.0854987426655,466.1720121762915,891.2274780273438,475.98577880859375,11.972571304655986
STAR 34_ODC.jpg,train,cv_heuristic,CV_BRIGHTEST_REGION,898.0854987426655,466.1720121762915,765.0,645.0,222.9152287410182
STAR 34_ODC.jpg,train,image_center,IMAGE_CENTER,898.0854987426655,466.1720121762915,512.0,512.0,388.79585492561876
STAR 34_ODC.jpg,train,hybrid,TRAINED_MODEL,898.0854987426655,466.1720121762915,891.2274780273438,475.98577880859375,11.972571304655986
STAR 36_OSC.jpg,train,trained_model,TRAINED_MODEL,197.08549874266555,434.1720121762915,206.0,437.0,9.352317776789935
STAR 36_OSC.jpg,train,cv_heuristic,CV_BRIGHTEST_REGION,197.08549874266555,434.1720121762915,529.0,492.5,337.0005790921846
STAR 36_OSC.jpg,train,image_center,IMAGE_CENTER,197.08549874266555,434.1720121762915,512.0,512.0,324.38917798046685
STAR 36_OSC.jpg,train,hybrid,TRAINED_MODEL,197.08549874266555,434.1720121762915,206.0,437.0,9.352317776789935
STAR 37_ODN.jpg,train,trained_model,TRAINED_MODEL,553.0854987426655,421.1720121762915,543.0174560546875,421.4366760253906,10.071520765007053
STAR 37_ODN.jpg,train,cv_heuristic,CV_BRIGHTEST_REGION,553.0854987426655,421.1720121762915,510.0,575.0,159.7479578579809
STAR 37_ODN.jpg,train,image_center,IMAGE_CENTER,553.0854987426655,421.1720121762915,512.0,512.0,99.68822186716599
STAR 37_ODN.jpg,train,hybrid,TRAINED_MODEL,553.0854987426655,421.1720121762915,543.0174560546875,421.4366760253906,10.071520765007053
STAR 38_ODC.jpg,train,trained_model,TRAINED_MODEL,897.0854987426655,471.1720121762915,887.125,468.75,10.250740372516821
STAR 38_ODC.jpg,train,cv_heuristic,CV_BRIGHTEST_REGION,897.0854987426655,471.1720121762915,718.2089233398438,180.10446166992188,341.63891491693306
STAR 38_ODC.jpg,train,image_center,IMAGE_CENTER,897.0854987426655,471.1720121762915,512.0,512.0,387.24380683442877
STAR 38_ODC.jpg,train,hybrid,TRAINED_MODEL,897.0854987426655,471.1720121762915,887.125,468.75,10.250740372516821
STAR 39_ODC.jpg,held_out,trained_model,TRAINED_MODEL,903.0854987426655,432.1720121762915,902.0,438.0,5.928216392273733
STAR 39_ODC.jpg,held_out,cv_heuristic,CV_BRIGHTEST_REGION,903.0854987426655,432.1720121762915,732.5,578.0,224.42195617629667
STAR 39_ODC.jpg,held_out,image_center,IMAGE_CENTER,903.0854987426655,432.1720121762915,512.0,512.0,399.1495646581387
STAR 39_ODC.jpg,held_out,hybrid,TRAINED_MODEL,903.0854987426655,432.1720121762915,902.0,438.0,5.928216392273733
STAR 40_OSC.jpg,held_out,trained_model,TRAINED_MODEL,156.08549874266555,437.1720121762915,167.0,428.0,14.256652659667166
STAR 40_OSC.jpg,held_out,cv_heuristic,CV_BRIGHTEST_REGION,156.08549874266555,437.1720121762915,462.0,540.0,322.7340656940268
STAR 40_OSC.jpg,held_out,image_center,IMAGE_CENTER,156.08549874266555,437.1720121762915,512.0,512.0,363.6954219769644
STAR 40_OSC.jpg,held_out,hybrid,TRAINED_MODEL,156.08549874266555,437.1720121762915,167.0,428.0,14.256652659667166
STAR 43_OSC.jpg,held_out,trained_model,TRAINED_MODEL,132.09510536633178,414.15262803234504,125.0,405.0,11.580635563638904
STAR 43_OSC.jpg,held_out,cv_heuristic,CV_BRIGHTEST_REGION,132.09510536633178,414.15262803234504,602.0,901.0,676.6320814094548
STAR 43_OSC.jpg,held_out,image_center,IMAGE_CENTER,132.09510536633178,414.15262803234504,512.0,512.0,392.3032464402954
STAR 43_OSC.jpg,held_out,hybrid,TRAINED_MODEL,132.09510536633178,414.15262803234504,125.0,405.0,11.580635563638904
STAR 44_OSN.jpg,held_out,trained_model,TRAINED_MODEL,495.08549874266555,413.1720121762915,500.8985595703125,422.0482482910156,10.610336646414959
STAR 44_OSN.jpg,held_out,cv_heuristic,CV_BRIGHTEST_REGION,495.08549874266555,413.1720121762915,341.5,315.0,182.28068849654713
STAR 44_OSN.jpg,held_out,image_center,IMAGE_CENTER,495.08549874266555,413.1720121762915,512.0,512.0,100.26500650809056
STAR 44_OSN.jpg,held_out,hybrid,TRAINED_MODEL,495.08549874266555,413.1720121762915,500.8985595703125,422.0482482910156,10.610336646414959
STAR 45_ODC.jpg,held_out,trained_model,TRAINED_MODEL,859.0854987426655,453.1720121762915,857.2093505859375,450.333984375,3.402107245061146
STAR 45_ODC.jpg,held_out,cv_heuristic,CV_BRIGHTEST_REGION,859.0854987426655,453.1720121762915,854.0,631.5,178.40048637465756
STAR 45_ODC.jpg,held_out,image_center,IMAGE_CENTER,859.0854987426655,453.1720121762915,512.0,512.0,352.0356169321952
STAR 45_ODC.jpg,held_out,hybrid,TRAINED_MODEL,859.0854987426655,453.1720121762915,857.2093505859375,450.333984375,3.402107245061146
STAR 48_OSN.jpg,held_out,trained_model,TRAINED_MODEL,522.0854987426655,445.1720121762915,529.5518798828125,432.94281005859375,14.32830177534816
STAR 48_OSN.jpg,held_out,cv_heuristic,CV_BRIGHTEST_REGION,522.0854987426655,445.1720121762915,584.733154296875,591.2188720703125,158.91637433361822
STAR 48_OSN.jpg,held_out,image_center,IMAGE_CENTER,522.0854987426655,445.1720121762915,512.0,512.0,67.5847411880377
STAR 48_OSN.jpg,held_out,hybrid,TRAINED_MODEL,522.0854987426655,445.1720121762915,529.5518798828125,432.94281005859375,14.32830177534816
